{
  "gpu_load": [
    null,
    null
  ],
  "find_mit_gene": [
    1777284647.5307035,
    1777284648.0389848
  ],
  "filter": [
    1777284648.0390732,
    1777284651.0248902
  ],
  "normalization": [
    1777284651.0249226,
    1777284652.3076823
  ],
  "hvg": [
    1777284652.3076932,
    1777284654.4562023
  ],
  "scaling": [
    1777284654.456368,
    1777284656.716498
  ],
  "pca": [
    1777284656.7165148,
    1777284683.66073
  ],
  "t_sne": [
    1777284683.6607482,
    1777285401.4526649
  ],
  "umap": [
    1777285401.4526954,
    1777285473.6355903
  ],
  "louvain": [
    1777285473.6356087,
    1777285521.9733584
  ],
  "leiden": [
    1777285521.973387,
    1777285799.7683942
  ]
}