{
  "gpu_load": [
    null,
    null
  ],
  "find_mit_gene": [
    1777283934.6154177,
    1777283935.1204119
  ],
  "filter": [
    1777283935.1204848,
    1777283938.130954
  ],
  "normalization": [
    1777283938.1309867,
    1777283939.4152682
  ],
  "hvg": [
    1777283939.4152808,
    1777283941.3494878
  ],
  "scaling": [
    1777283941.3495202,
    1777283943.623521
  ],
  "pca": [
    1777283943.6235323,
    1777283959.386936
  ],
  "t_sne": [
    1777283959.386951,
    1777284219.6956232
  ],
  "umap": [
    1777284219.6956472,
    1777284291.5754743
  ],
  "louvain": [
    1777284291.5754967,
    1777284340.9444282
  ],
  "leiden": [
    1777284340.9445002,
    1777284630.3161168
  ]
}