{
  "gpu_load": [
    null,
    null
  ],
  "find_mit_gene": [
    1777283315.2178273,
    1777283315.7887156
  ],
  "filter": [
    1777283315.788797,
    1777283320.251185
  ],
  "normalization": [
    1777283320.2512167,
    1777283322.0558157
  ],
  "hvg": [
    1777283322.055833,
    1777283324.1543221
  ],
  "scaling": [
    1777283324.154377,
    1777283326.716955
  ],
  "pca": [
    1777283326.7169795,
    1777283342.9346683
  ],
  "t_sne": [
    1777283342.934682,
    1777283512.3758297
  ],
  "umap": [
    1777283512.375869,
    1777283583.8353133
  ],
  "louvain": [
    1777283583.8353364,
    1777283633.2303424
  ],
  "leiden": [
    1777283633.230372,
    1777283916.882324
  ]
}